,LR0,LR1,LR2,LR3,LR4,NB0,NB1,NB2,NB3,NB4,Vad0,Vad1,Vad2,Vad3,Vad4
apparel,0.43096034400382227,0.4013377926421405,0.12255136168179646,0.03487816531294792,0.010272336359292882,0.43430482560917344,0.4228380315336837,0.10965121834687053,0.027950310559006212,0.005255613951266125,0.29479216435738176,0.40611562350692787,0.2095078834209269,0.0740563784042045,0.015527950310559006
